laughter,8.50
happiness,8.44
love,8.42
happy,8.30
laughed,8.26
laugh,8.22
laughing,8.20
excellent,8.18
laughs,8.18
joy,8.16
successful,8.16
win,8.12
rainbow,8.10
smile,8.10
won,8.10
pleasure,8.08
smiled,8.08
rainbows,8.06
winning,8.04
celebration,8.02
enjoyed,8.02
healthy,8.02
music,8.02
celebrating,8.00
congratulations,8.00
weekend,8.00
celebrate,7.98
comedy,7.98
jokes,7.98
rich,7.98
victory,7.98
christmas,7.96
free,7.96
friendship,7.96
fun,7.96
holidays,7.96
loved,7.96
loves,7.96
loving,7.96
beach,7.94
hahaha,7.94
kissing,7.94
sunshine,7.94
beautiful,7.92
delicious,7.92
friends,7.92
funny,7.92
outstanding,7.92
paradise,7.92
sweetest,7.92
vacation,7.92
butterflies,7.92
freedom,7.90
flower,7.88
great,7.88
sunlight,7.88
sweetheart,7.88
sweetness,7.88
award,7.86
chocolate,7.86
hahahaha,7.86
heaven,7.86
peace,7.86
splendid,7.86
success,7.86
enjoying,7.84
kissed,7.84
attraction,7.82
celebrated,7.80
hero,7.80
hugs,7.80
positive,7.80
sun,7.80
birthday,7.78
blessed,7.78
fantastic,7.78
winner,7.78
delight,7.78
beauty,7.76
butterfly,7.76
entertainment,7.76
funniest,7.76
honesty,7.76
sky,7.76
smiles,7.76
succeed,7.76
wonderful,7.76
glorious,7.74
kisses,7.74
promotion,7.74
family,7.72
gift,7.72
humor,7.72
romantic,7.72
cupcakes,7.70
festival,7.70
hahahahaha,7.70
honour,7.70
relax,7.70
weekends,7.70
angel,7.68
b-day,7.68
bonus,7.68
brilliant,7.68
diamonds,7.68
holiday,7.68
lucky,7.68
mother,7.68
super,7.68
amazing,7.66
angels,7.66
enjoy,7.66
friend,7.66
friendly,7.66
mother's,7.66
profit,7.66
finest,7.66
bday,7.64
champion,7.64
grandmother,7.64
haha,7.64
kiss,7.64
kitten,7.64
miracle,7.64
mom,7.64
sweet,7.64
blessings,7.62
bright,7.62
cutest,7.62
entertaining,7.62
excited,7.62
excitement,7.62
joke,7.62
millionaire,7.62
prize,7.62
succeeded,7.62
successfully,7.62
winners,7.62
shines,7.60
awesome,7.60
genius,7.60
achievement,7.58
cake,7.58
cheers,7.58
exciting,7.58
goodness,7.58
hug,7.58
income,7.58
party,7.58
puppy,7.58
smiling,7.58
song,7.58
succeeding,7.58
tasty,7.58
victories,7.58
achieved,7.56
billion,7.56
cakes,7.56
easier,7.56
flowers,7.56
gifts,7.56
gold,7.56
merry,7.56
families,7.54
handsome,7.54
lovers,7.54
affection,7.53
candy,7.52
cute,7.52
diamond,7.52
earnings,7.52
interesting,7.52
peacefully,7.52
praise,7.52
relaxing,7.52
roses,7.52
saturdays,7.52
faithful,7.51
heavens,7.51
cherish,7.50
comfort,7.50
congrats,7.50
cupcake,7.50
earn,7.50
extraordinary,7.50
glory,7.50
hilarious,7.50
moonlight,7.50
optimistic,7.50
peaceful,7.50
romance,7.50
feast,7.49
attractive,7.48
glad,7.48
grandma,7.48
internet,7.48
pleasant,7.48
profits,7.48
smart,7.48
x-mas,7.48
babies,7.46
cheer,7.46
courage,7.46
enthusiasm,7.46
honest,7.46
loyal,7.46
opportunities,7.46
triumph,7.46
wow,7.46
jewels,7.46
forests,7.45
apple,7.44
dreams,7.44
fantasy,7.44
food,7.44
honey,7.44
miracles,7.44
sex,7.44
sing,7.44
starlight,7.44
thankful,7.44
wins,7.44
achieve,7.42
adored,7.42
cash,7.42
dances,7.42
gorgeous,7.42
grandchildren,7.42
incredible,7.42
lunch,7.42
mommy,7.42
parties,7.42
perfect,7.42
saturday,7.42
surprise,7.42
truth,7.42
blessing,7.40
creative,7.40
dinner,7.40
kindness,7.40
pleased,7.40
sexy,7.40
strength,7.40
thank,7.40
thanks,7.40
thanksgiving,7.40
treasure,7.40
valentine,7.40
riches,7.39
awarded,7.38
fabulous,7.38
grandfather,7.38
heavenly,7.38
hope,7.38
kids,7.38
magical,7.38
million,7.38
nice,7.38
sundays,7.38
wealth,7.38
fantasies,7.36
cares,7.36
dance,7.36
daughters,7.36
favorable,7.36
friend's,7.36
generosity,7.36
grateful,7.36
inspired,7.36
mothers,7.36
parents,7.36
valentine's,7.36
intelligent,7.35
liberation,7.35
melody,7.35
wonderland,7.35
beloved,7.34
caring,7.34
homemade,7.34
inspiring,7.34
movies,7.34
precious,7.34
respect,7.34
satisfaction,7.34
satisfy,7.34
wedding,7.34
accomplished,7.32
adorable,7.32
championship,7.32
comfortable,7.32
cuddle,7.32
games,7.32
grandson,7.32
life,7.32
lovely,7.32
pretty,7.32
proud,7.32
rose,7.32
united,7.32
fruits,7.31
adventure,7.30
couple,7.30
dollars,7.30
eating,7.30
fortune,7.30
generous,7.30
golden,7.30
hahah,7.30
hooray,7.30
intelligence,7.30
lover,7.30
luxury,7.30
money,7.30
passion,7.30
prosperity,7.30
remarkable,7.30
sweetie,7.30
valentines,7.30
educated,7.29
gently,7.29
baby,7.28
books,7.28
bride,7.28
cherished,7.28
cookies,7.28
dessert,7.28
employed,7.28
glow,7.28
god,7.28
great-grandchildren,7.28
helped,7.28
independence,7.28
likes,7.28
luckily,7.28
moon,7.28
perfectly,7.28
satisfied,7.28
sunday,7.28
juicy,7.27
championships,7.26
divine,7.26
dreaming,7.26
foods,7.26
fresh,7.26
gladly,7.26
greatest,7.26
hearts,7.26
luck,7.26
millions,7.26
musicians,7.26
play,7.26
progress,7.26
savings,7.26
appreciation,7.24
bliss,7.24
bloom,7.24
book,7.24
child,7.24
companion,7.24
computer,7.24
gardens,7.24
gentle,7.24
hahahah,7.24
helpful,7.24
impressed,7.24
kind,7.24
knowledge,7.24
liberty,7.24
mama,7.24
nature,7.24
pal,7.24
passionate,7.24
promoted,7.24
reward,7.24
warmth,7.24
xmas,7.24
danced,7.22
amazed,7.22
appreciate,7.22
brother,7.22
confidence,7.22
darling,7.22
encouraging,7.22
energy,7.22
films,7.22
garden,7.22
graduated,7.22
guitar,7.22
health,7.22
heart,7.22
honor,7.22
like,7.22
musical,7.22
pets,7.22
relaxed,7.22
salary,7.22
star,7.22
sweeter,7.22
trust,7.22
yummy,7.22
ecstasy,7.20
eternal,7.20
approved,7.20
benefits,7.20
cartoon,7.20
comforted,7.20
cool,7.20
discount,7.20
good,7.20
google,7.20
ladies,7.20
libraries,7.20
luv,7.20
perfection,7.20
presents,7.20
prizes,7.20
special,7.20
wishes,7.20
alive,7.18
awards,7.18
bed,7.18
best,7.18
coffee,7.18
comfy,7.18
fiesta,7.18
genuine,7.18
helping,7.18
imagine,7.18
leisure,7.18
meal,7.18
promise,7.18
respected,7.18
rest,7.18
travel,7.18
abundant,7.16
attracted,7.16
devoted,7.16
favourite,7.16
granddaughter,7.16
heroes,7.16
ideas,7.16
liked,7.16
oceans,7.16
pizza,7.16
skies,7.16
sleep,7.16
spring,7.16
sunset,7.16
welcome,7.16
1st,7.14
adoring,7.14
brighter,7.14
children's,7.14
cure,7.14
fireworks,7.14
home,7.14
honored,7.14
journey,7.14
lovin,7.14
opportunity,7.14
paid,7.14
parks,7.14
playing,7.14
shine,7.14
strawberry,7.14
summertime,7.14
wealthy,7.14
appreciated,7.12
artistic,7.12
birth,7.12
children,7.12
fruit,7.12
inspire,7.12
juice,7.12
laptop,7.12
partners,7.12
son,7.12
stronger,7.12
superman,7.12
tree,7.12
valuable,7.12
woman's,7.12
women,7.12
glowing,7.10
admiration,7.10
carnival,7.10
computers,7.10
confident,7.10
cookie,7.10
cutie,7.10
dearest,7.10
dream,7.10
freely,7.10
fridays,7.10
plants,7.10
quality,7.10
rabbit,7.10
resort,7.10
shopping,7.10
sincere,7.10
snack,7.10
stars,7.10
toys,7.10
useful,7.10
wise,7.10
yum,7.10
desirable,7.08
sparkle,7.08
bless,7.08
comic,7.08
cooking,7.08
dancing,7.08
earned,7.08
equality,7.08
faith,7.08
graduate,7.08
improvements,7.08
memories,7.08
park,7.08
pet,7.08
powerful,7.08
princess,7.08
qualities,7.08
thrill,7.08
true,7.08
wonder,7.08
everlasting,7.06
mamma,7.06
caress,7.06
charm,7.06
clever,7.06
father,7.06
grand,7.06
hehehe,7.06
idea,7.06
pearl,7.06
pictures,7.06
restaurant,7.06
sandwich,7.06
sharing,7.06
strong,7.06
talent,7.06
talented,7.06
tenderness,7.06
weddings,7.06
dove,7.04
awsome,7.04
cherry,7.04
daughter,7.04
eat,7.04
favorite,7.04
girlfriend,7.04
hoping,7.04
impressive,7.04
loyalty,7.04
parent,7.04
relationship,7.04
safe,7.04
scholarship,7.04
shining,7.04
sunrise,7.04
yoga,7.04
respects,7.02
fairy,7.02
humanity,7.02
productivity,7.02
brave,7.02
colours,7.02
correct,7.02
dad,7.02
daddy,7.02
dollar,7.02
easily,7.02
fans,7.02
goal,7.02
hawaii,7.02
honestly,7.02
inspiration,7.02
olympics,7.02
saints,7.02
sleeping,7.02
wisdom,7.02
believed,7.00
better,7.00
color,7.00
colors,7.00
dad's,7.00
determination,7.00
discovered,7.00
gentlemen,7.00
girl,7.00
harmony,7.00
hello,7.00
hopes,7.00
noble,7.00
praised,7.00
reliable,7.00
trip,7.00
agreed,6.98
approval,6.98
brothers,6.98
concerts,6.98
cooperation,6.98
encouraged,6.98
giving,6.98
goals,6.98
ideal,6.98
intellectual,6.98
invitation,6.98
marry,6.98
musician,6.98
outdoors,6.98
photography,6.98
plenty,6.98
rome,6.98
trees,6.98
trips,6.98
unique,6.98
wildlife,6.98
lullaby,6.98
thrills,6.98
abroad,6.96
bath,6.96
benefit,6.96
birds,6.96
dads,6.96
elegant,6.96
eternally,6.96
fair,6.96
fancy,6.96
great-grandfather,6.96
imagination,6.96
improving,6.96
mountains,6.96
ocean,6.96
pancakes,6.96
photograph,6.96
praying,6.96
present,6.96
reunion,6.96
safely,6.96
saving,6.96
singing,6.96
songs,6.96
sunny,6.96
terrific,6.96
theater,6.96
vanilla,6.96
adore,6.96
gentleman,6.96
autumn,6.94
cinema,6.94
college,6.94
concert,6.94
correctly,6.94
cozy,6.94
dear,6.94
earning,6.94
earns,6.94
gardening,6.94
girls,6.94
massage,6.94
outdoor,6.94
photos,6.94
piano,6.94
sea,6.94
trusted,6.94
albums,6.92
dignity,6.92
favored,6.92
fitness,6.92
game,6.92
healing,6.92
learned,6.92
learning,6.92
prayers,6.92
promote,6.92
secure,6.92
spa,6.92
unity,6.92
wish,6.92
youtube,6.92
favour,6.92
clean,6.90
dynamic,6.90
encourage,6.90
infant,6.90
jewelry,6.90
necklace,6.90
paintings,6.90
stability,6.90
voyage,6.90
worthy,6.90
fulfill,6.90
eternity,6.90
accuracy,6.88
bookstores,6.88
breeze,6.88
bunny,6.88
cheese,6.88
comics,6.88
donated,6.88
easter,6.88
education,6.88
email,6.88
farmer,6.88
female,6.88
flavor,6.88
friday,6.88
moms,6.88
photo,6.88
pillow,6.88
pure,6.88
saved,6.88
shakespeare,6.88
survived,6.88
taste,6.88
valued,6.88
vitamin,6.88
infants,6.88
silk,6.88
dreamed,6.87
#music,6.86
acceptance,6.86
banana,6.86
breakfast,6.86
cooperative,6.86
dancer,6.86
grace,6.86
greatly,6.86
guarantee,6.86
improved,6.86
improvement,6.86
independent,6.86
liking,6.86
paris,6.86
pasta,6.86
photographs,6.86
recipes,6.86
relationships,6.86
relief,6.86
sailing,6.86
science,6.86
seas,6.86
toast,6.86
truly,6.86
platinum,6.86
superstar,6.86
understands,6.86
accurately,6.84
advantage,6.84
belonging,6.84
buddy,6.84
childhood,6.84
daylight,6.84
discover,6.84
forgiveness,6.84
great-grandmother,6.84
hopefully,6.84
horses,6.84
interested,6.84
kid,6.84
live,6.84
lol,6.84
movie,6.84
popularity,6.84
solution,6.84
swim,6.84
toy,6.84
understanding,6.84
universe,6.84
woman,6.84
woohoo,6.84
rivers,6.84
sail,6.84
cared,6.83
active,6.82
artists,6.82
babe,6.82
believes,6.82
born,6.82
champagne,6.82
compassion,6.82
completed,6.82
create,6.82
dedicated,6.82
experienced,6.82
fathers,6.82
first,6.82
gains,6.82
heal,6.82
new,6.82
significant,6.82
singer,6.82
surprisingly,6.82
young,6.82
mansion,6.82
prevail,6.82
qualified,6.81
air,6.80
amazon,6.80
animal,6.80
bedroom,6.80
camera,6.80
cream,6.80
dreamer,6.80
forgiven,6.80
highest,6.80
horse,6.80
magic,6.80
manners,6.80
naturally,6.80
novels,6.80
performers,6.80
pies,6.80
protect,6.80
santa,6.80
shared,6.80
smooth,6.80
together,6.80
uncle,6.80
efficient,6.80
elevated,6.80
cafe,6.78
coke,6.78
completion,6.78
coolest,6.78
creation,6.78
dogs,6.78
effectiveness,6.78
esteemed,6.78
finished,6.78
glee,6.78
green,6.78
heartbeat,6.78
island,6.78
jukebox,6.78
medal,6.78
mom's,6.78
museums,6.78
painting,6.78
pie,6.78
pool,6.78
reading,6.78
real,6.78
ruby,6.78
share,6.78
sons,6.78
traveling,6.78
variety,6.78
wonders,6.78
worth,6.78
guaranteed,6.78
raindrops,6.78
visions,6.78
pearls,6.77
america,6.76
easy,6.76
effective,6.76
future,6.76
humans,6.76
intimate,6.76
married,6.76
muffin,6.76
papa,6.76
plus,6.76
popcorn,6.76
savior,6.76
seasons,6.76
shop,6.76
sister,6.76
style,6.76
supporter,6.76
switzerland,6.76
tenderly,6.76
top,6.76
oxygen,6.76
rhyme,6.76
allright,6.74
american,6.74
artist,6.74
capable,6.74
complete,6.74
convenient,6.74
courtesy,6.74
donate,6.74
drinks,6.74
father's,6.74
fine,6.74
focused,6.74
guitars,6.74
hi,6.74
integrity,6.74
justice,6.74
lake,6.74
mankind,6.74
mentor,6.74
merit,6.74
performance,6.74
plant,6.74
prepared,6.74
raise,6.74
romeo,6.74
shiny,6.74
sugar,6.74
surprising,6.74
technology,6.74
treat,6.74
university,6.74
wishing,6.74
yes,6.74
desires,6.73
wished,6.73
4-bedroom,6.72
attract,6.72
bike,6.72
car,6.72
civilization,6.72
classy,6.72
confirmed,6.72
costumes,6.72
creating,6.72
culture,6.72
finish,6.72
gallery,6.72
knowing,6.72
lifelong,6.72
momma,6.72
neat,6.72
niece,6.72
online,6.72
orchestra,6.72
plays,6.72
revenue,6.72
shower,6.72
spiritual,6.72
surprised,6.72
tremendous,6.72
values,6.72
villages,6.72
warm,6.72
doggy,6.71
hallelujah,6.71
candle,6.71
secured,6.71
valid,6.71
agree,6.70
anniversary,6.70
antiques,6.70
believe,6.70
bucks,6.70
cruise,6.70
dancers,6.70
dine,6.70
dog,6.70
grandsons,6.70
grants,6.70
hired,6.70
learn,6.70
marriage,6.70
mum,6.70
partner,6.70
productive,6.70
rockin,6.70
teaches,6.70
treats,6.70
tv,6.70
water,6.70
grin,6.69
invention,6.69
virtues,6.69
brains,6.69
sensation,6.68
ability,6.68
ace,6.68
animals,6.68
bake,6.68
bridegroom,6.68
desire,6.68
famous,6.68
forest,6.68
fountain,6.68
goodmorning,6.68
greater,6.68
grow,6.68
heritage,6.68
landscape,6.68
liberties,6.68
living,6.68
lyrics,6.68
mercy,6.68
museum,6.68
novel,6.68
palace,6.68
pianist,6.68
potential,6.68
power,6.68
privilege,6.68
proceed,6.68
promised,6.68
river,6.68
scotland,6.68
shares,6.68
skating,6.68
thanx,6.68
theatre,6.68
tours,6.68
well,6.68
acceptable,6.67
possibilities,6.67
accurate,6.67
candles,6.67
approve,6.66
assets,6.66
aunt,6.66
career,6.66
charms,6.66
communicate,6.66
competent,6.66
currency,6.66
dedication,6.66
dvd,6.66
eligible,6.66
fan,6.66
firefighters,6.66
greet,6.66
motivation,6.66
nieces,6.66
personality,6.66
powers,6.66
raises,6.66
sculpture,6.66
survivors,6.66
tea,6.66
television,6.66
tour,6.66
pony,6.65
rhythm,6.65
bird,6.64
care,6.64
cat,6.64
cook,6.64
corn,6.64
deposits,6.64
expert,6.64
high,6.64
holy,6.64
invite,6.64
leading,6.64
photographer,6.64
picture,6.64
promising,6.64
recover,6.64
recovered,6.64
recovery,6.64
salad,6.64
shops,6.64
solutions,6.64
sparks,6.64
sport,6.64
supreme,6.64
theaters,6.64
tunes,6.64
unite,6.64
volunteers,6.64
simplicity,6.62
attained,6.62
book's,6.62
cameras,6.62
chatting,6.62
crown,6.62
disney,6.62
dresses,6.62
heartfelt,6.62
homes,6.62
husband,6.62
immortal,6.62
invest,6.62
kitty,6.62
offer,6.62
organized,6.62
performances,6.62
perfume,6.62
pray,6.62
rescue,6.62
restaurants,6.62
salaries,6.62
sisters,6.62
slept,6.62
steak,6.62
stories,6.62
varieties,6.62
vision,6.62
wife,6.62
youth,6.62
zoo,6.62
stimulation,6.61
touching,6.61
furnished,6.60
suitable,6.60
album,6.60
amour,6.60
art,6.60
beam,6.60
captain,6.60
certainty,6.60
child's,6.60
clothing,6.60
conservation,6.60
desired,6.60
dress,6.60
favorited,6.60
females,6.60
growth,6.60
helps,6.60
highly,6.60
ideals,6.60
lady,6.60
lime,6.60
popular,6.60
proposal,6.60
protected,6.60
relatives,6.60
rhymes,6.60
singers,6.60
specialty,6.60
spirit,6.60
starry,6.60
stroll,6.60
supported,6.60
therapeutic,6.60
unlimited,6.60
visiting,6.60
expressions,6.60
efficiency,6.59
sleeps,6.59
vocals,6.59
impress,6.58
sympathetic,6.58
advance,6.58
advanced,6.58
arts,6.58
available,6.58
baking,6.58
classic,6.58
classical,6.58
colour,6.58
drawing,6.58
english,6.58
exhibition,6.58
expecting,6.58
fish,6.58
goodnight,6.58
invented,6.58
islands,6.58
language,6.58
majesty,6.58
me,6.58
preferred,6.58
radio,6.58
ready,6.58
relative,6.58
sale,6.58
solve,6.58
springs,6.58
student,6.58
symphony,6.58
traditions,6.58
understood,6.58
upgrade,6.58
usa,6.58
saviour,6.57
skill,6.57
belonged,6.56
muscles,6.56
able,6.56
ahaha,6.56
butter,6.56
circus,6.56
cosmic,6.56
coupon,6.56
diploma,6.56
donations,6.56
e-mail,6.56
encore,6.56
film,6.56
guidance,6.56
illustration,6.56
increase,6.56
international,6.56
ipod,6.56
morning,6.56
natural,6.56
okay,6.56
preservation,6.56
progressive,6.56
protection,6.56
raised,6.56
showers,6.56
tacos,6.56
teach,6.56
traveler,6.56
understand,6.56
universities,6.56
worldwide,6.56
privileges,6.55
accepted,6.54
adoption,6.54
asset,6.54
blanket,6.54
cats,6.54
cleaned,6.54
coin,6.54
cooked,6.54
crystal,6.54
dawn,6.54
dearly,6.54
discovery,6.54
done,6.54
eager,6.54
emails,6.54
exercises,6.54
found,6.54
give,6.54
groovy,6.54
haven,6.54
invited,6.54
iphone,6.54
moral,6.54
nephew,6.54
orange,6.54
overcome,6.54
pays,6.54
potato,6.54
premiere,6.54
pride,6.54
receiving,6.54
recognition,6.54
reindeer,6.54
right,6.54
rising,6.54
save,6.54
scholars,6.54
shelter,6.54
solar,6.54
spontaneous,6.54
tasting,6.54
ultimate,6.54
visit,6.54
advantages,6.53
sailed,6.53
feather,6.52
ambitious,6.52
baker,6.52
brain,6.52
champ,6.52
communication,6.52
compensation,6.52
ease,6.52
ethics,6.52
extra,6.52
fries,6.52
growing,6.52
guest,6.52
incredibly,6.52
initiative,6.52
jesus,6.52
lips,6.52
literature,6.52
nights,6.52
phenomenon,6.52
planet,6.52
poem,6.52
poet,6.52
prefer,6.52
read,6.52
sang,6.52
soup,6.52
surf,6.52
swimming,6.52
videos,6.52
wings,6.52
world,6.52
amore,6.51
bounce,6.51
cultures,6.51
eden,6.51
interaction,6.51
mercedes,6.51
velvet,6.51
balanced,6.51
agriculture,6.50
allies,6.50
americans,6.50
bells,6.50
chips,6.50
contribute,6.50
couples,6.50
cousins,6.50
deals,6.50
determined,6.50
eaten,6.50
fame,6.50
gives,6.50
hire,6.50
innocence,6.50
ipad,6.50
leadership,6.50
legend,6.50
lounge,6.50
mature,6.50
newest,6.50
newly,6.50
performing,6.50
receive,6.50
recipe,6.50
roast,6.50
starting,6.50
stunning,6.50
tales,6.50
elder,6.49
grows,6.49
herb,6.49
illustrations,6.49
rays,6.49
relevant,6.49
sanity,6.49
acoustic,6.48
always,6.48
answers,6.48
bible,6.48
boost,6.48
clap,6.48
dining,6.48
electronics,6.48
exclusive,6.48
family's,6.48
gathering,6.48
hehe,6.48
humble,6.48
information,6.48
italian,6.48
library,6.48
mate,6.48
modern,6.48
offers,6.48
paperbacks,6.48
perform,6.48
poems,6.48
potatoes,6.48
prayer,6.48
pumpkin,6.48
restored,6.48
rights,6.48
scholar,6.48
screenplay,6.48
shopper,6.48
sings,6.48
soft,6.48
starbucks,6.48
story,6.48
supporting,6.48
video,6.48
instrumental,6.48
backyard,6.47
drums,6.47
virtue,6.47
activities,6.46
athletic,6.46
clothes,6.46
cultivated,6.46
forever,6.46
goods,6.46
grass,6.46
higher,6.46
literary,6.46
london,6.46
memory,6.46
mint,6.46
nephews,6.46
prime,6.46
prospect,6.46
reception,6.46
recommended,6.46
research,6.46
resource,6.46
resources,6.46
riverside,6.46
rocking,6.46
scored,6.46
talking,6.46
believer,6.46
functioning,6.46
poets,6.46
boats,6.45
remedy,6.45
tender,6.45
aaah,6.44
beatles,6.44
chance,6.44
coast,6.44
draw,6.44
earth,6.44
eats,6.44
effectively,6.44
familiar,6.44
fast,6.44
forgive,6.44
gained,6.44
graphics,6.44
improve,6.44
increases,6.44
infinite,6.44
languages,6.44
likely,6.44
nap,6.44
philosophy,6.44
phone,6.44
prince,6.44
princes,6.44
professional,6.44
revival,6.44
rice,6.44
rides,6.44
satisfactory,6.44
scientific,6.44
scoring,6.44
sis,6.44
soccer,6.44
supermarkets,6.44
support,6.44
teachers,6.44
teaching,6.44
wage,6.44
whale,6.44
wink,6.44
wit,6.44
accept,6.42
assist,6.42
band,6.42
chat,6.42
composer,6.42
contribution,6.42
cousin,6.42
curves,6.42
dates,6.42
delivered,6.42
environmental,6.42
evening,6.42
feed,6.42
fest,6.42
gaming,6.42
india,6.42
interests,6.42
jazz,6.42
novelist,6.42
panties,6.42
partnership,6.42
party's,6.42
portrait,6.42
remember,6.42
residence,6.42
shore,6.42
simply,6.42
stream,6.42
traveled,6.42
wine,6.42
wondered,6.42
farming,6.42
hats,6.41
hearted,6.41
1980s,6.40
actress,6.40
adopt,6.40
altogether,6.40
architecture,6.40
australia,6.40
baked,6.40
buying,6.40
ceremony,6.40
charity,6.40
chicken,6.40
chorus,6.40
consciousness,6.40
cultivation,6.40
dating,6.40
deserve,6.40
destination,6.40
documentary,6.40
drawings,6.40
educational,6.40
electronic,6.40
equally,6.40
europe,6.40
floating,6.40
futures,6.40
gain,6.40
generations,6.40
gmail,6.40
hills,6.40
increasing,6.40
kidding,6.40
launch,6.40
light,6.40
mountain,6.40
participate,6.40
pics,6.40
playin,6.40
poetry,6.40
possibility,6.40
provide,6.40
resolved,6.40
shores,6.40
studies,6.40
summer,6.40
tennis,6.40
touch,6.40
touched,6.40
tradition,6.40
twins,6.40
visits,6.40
wages,6.40
waves,6.40
willing,6.40
younger,6.40
exercised,6.39
enabled,6.39
greeks,6.39
purely,6.39
seeds,6.39
sixteen,6.39
softly,6.39
cradle,6.38
80's,6.38
americas,6.38
arose,6.38
bigger,6.38
boyfriend,6.38
breath,6.38
committed,6.38
contributing,6.38
craft,6.38
designers,6.38
development,6.38
distinction,6.38
faster,6.38
functional,6.38
giveaway,6.38
increased,6.38
lamb,6.38
leader,6.38
lottery,6.38
maximum,6.38
meet,6.38
neighborhood,6.38
ownership,6.38
painter,6.38
played,6.38
preserve,6.38
purchased,6.38
queens,6.38
reasonable,6.38
revenues,6.38
rocket,6.38
sails,6.38
saves,6.38
score,6.38
seeing,6.38
silver,6.38
skills,6.38
sung,6.38
tasted,6.38
tastes,6.38
thinks,6.38
thought,6.38
touches,6.38
we,6.38
agricultural,6.38
belle,6.37
explore,6.37
sketch,6.37
voluntary,6.37
acquire,6.36
april,6.36
architect,6.36
broadway,6.36
calm,6.36
climbed,6.36
colleagues,6.36
curious,6.36
definite,6.36
democracy,6.36
deposit,6.36
developed,6.36
distinguished,6.36
dressed,6.36
drink,6.36
employment,6.36
farms,6.36
fashion,6.36
gravy,6.36
guiding,6.36
imagined,6.36
innocent,6.36
instantly,6.36
interest,6.36
justified,6.36
logical,6.36
mail,6.36
maintained,6.36
mario,6.36
mobile,6.36
mp3,6.36
obtained,6.36
original,6.36
patience,6.36
performed,6.36
please,6.36
prayed,6.36
rain,6.36
rational,6.36
relation,6.36
rings,6.36
rise,6.36
rudolph,6.36
teacher,6.36
technologies,6.36
value,6.36
vegas,6.36
volunteer,6.36
wifi,6.36
revealed,6.35
branches,6.35
existed,6.35
spotlight,6.35
bread,6.34
castle,6.34
cheddar,6.34
clouds,6.34
clubs,6.34
colleges,6.34
completely,6.34
connected,6.34
december,6.34
dew,6.34
employ,6.34
exists,6.34
expedition,6.34
experience,6.34
farmers,6.34
firefox,6.34
football,6.34
grant,6.34
hiring,6.34
hollywood,6.34
house,6.34
illustrated,6.34
images,6.34
jeans,6.34
largest,6.34
linguistic,6.34
lord,6.34
purchase,6.34
received,6.34
released,6.34
saint,6.34
scientists,6.34
september,6.34
soon,6.34
soul,6.34
soundtrack,6.34
studio,6.34
tickets,6.34
wave,6.34
continuity,6.33
equilibrium,6.33
activity,6.32
agreement,6.32
amor,6.32
arrival,6.32
arrive,6.32
asian,6.32
bbq,6.32
bedtime,6.32
berry,6.32
brunch,6.32
commitment,6.32
date,6.32
deal,6.32
democratic,6.32
design,6.32
designer,6.32
devotion,6.32
experiences,6.32
fly,6.32
foxy,6.32
france,6.32
handy,6.32
importance,6.32
important,6.32
jamaica,6.32
jobs,6.32
june,6.32
kin,6.32
lights,6.32
mornings,6.32
newspaper,6.32
offering,6.32
organic,6.32
parade,6.32
pink,6.32
published,6.32
reader,6.32
remembered,6.32
resolve,6.32
ring,6.32
rofl,6.32
selected,6.32
snow,6.32
streams,6.32
sufficient,6.32
sufficiently,6.32
sure,6.32
universal,6.32
unlocked,6.32
visitors,6.32
waters,6.32
women's,6.32
worship,6.32
writers,6.32
assembled,6.31
chickens,6.31
wheat,6.31
connections,6.31
scent,6.31
volumes,6.31
whistle,6.31
absolutely,6.30
atmosphere,6.30
belongs,6.30
bought,6.30
chess,6.30
christian,6.30
clear,6.30
clearer,6.30
commonwealth,6.30
conversations,6.30
designed,6.30
downloaded,6.30
earrings,6.30
engineer,6.30
epic,6.30
exercise,6.30
expansion,6.30
feeding,6.30
flowing,6.30
headphones,6.30
indians,6.30
joined,6.30
lipstick,6.30
metropolitan,6.30
mine,6.30
myself,6.30
paint,6.30
painted,6.30
plane,6.30
produced,6.30
protecting,6.30
reasoning,6.30
relations,6.30
salvation,6.30
sciences,6.30
sense,6.30
software,6.30
suite,6.30
surplus,6.30
swing,6.30
visited,6.30
cheeks,6.29
observation,6.29
calcium,6.29
conceived,6.29
rum,6.29
amigo,6.28
babes,6.28
begin,6.28
breathe,6.28
bridegroom's,6.28
buy,6.28
community,6.28
cooler,6.28
country,6.28
disco,6.28
emerging,6.28
england,6.28
experts,6.28
fairly,6.28
fix,6.28
founded,6.28
globe,6.28
honorary,6.28
hoped,6.28
introduced,6.28
lead,6.28
listening,6.28
lots,6.28
market,6.28
monkey,6.28
olympic,6.28
pioneer,6.28
plaza,6.28
professionals,6.28
reflect,6.28
remembering,6.28
reputation,6.28
sentimental,6.28
skype,6.28
students,6.28
sweden,6.28
technological,6.28
themes,6.28
thinking,6.28
tips,6.28
vehicles,6.28
village,6.28
website,6.28
white,6.28
wines,6.28
reasonably,6.27
uptown,6.27
aims,6.27
observe,6.27
regards,6.27
allows,6.26
appropriate,6.26
australian,6.26
blackberry,6.26
breathing,6.26
camp,6.26
cars,6.26
considerable,6.26
costume,6.26
degree,6.26
develop,6.26
egypt,6.26
events,6.26
flag,6.26
gave,6.26
gods,6.26
gr8,6.26
hotels,6.26
human,6.26
indian,6.26
leap,6.26
lifetime,6.26
magnetic,6.26
mirror,6.26
mmmm,6.26
occasion,6.26
produce,6.26
prominent,6.26
promises,6.26
proved,6.26
raising,6.26
school,6.26
shirt,6.26
spark,6.26
surely,6.26
team,6.26
travelers,6.26
upcoming,6.26
us,6.26
valley,6.26
vintage,6.26
proteins,6.25
almighty,6.24
horizon,6.24
insight,6.24
ooooh,6.24
poetic,6.24
spirits,6.24
aboard,6.24
acknowledge,6.24
actors,6.24
advances,6.24
aid,6.24
answer,6.24
athletes,6.24
bowling,6.24
boy,6.24
built,6.24
choice,6.24
constitution,6.24
conversation,6.24
cowboy,6.24
day,6.24
deliver,6.24
developments,6.24
distinctive,6.24
dvds,6.24
edison,6.24
eighteen,6.24
enterprise,6.24
eyes,6.24
flying,6.24
grad,6.24
grammy,6.24
grill,6.24
halloween,6.24
holland,6.24
jelly,6.24
jingle,6.24
legitimate,6.24
making,6.24
more,6.24
options,6.24
possible,6.24
practical,6.24
proceeds,6.24
proposed,6.24
provides,6.24
queen,6.24
revolutionary,6.24
rises,6.24
samsung,6.24
self,6.24
show,6.24
sooner,6.24
speed,6.24
strategy,6.24
tale,6.24
tip,6.24
updating,6.24
vip,6.24
websites,6.24
worlds,6.24
writing,6.24
xbox,6.24
you,6.24
yours,6.24
yourself,6.24
collective,6.23
embrace,6.22
produces,6.22
meanings,6.22
accompanied,6.22
advice,6.22
all,6.22
answered,6.22
architectural,6.22
asia,6.22
authors,6.22
avid,6.22
batman,6.22
big,6.22
breast,6.22
bro,6.22
build,6.22
chef,6.22
clowns,6.22
contacts,6.22
contributions,6.22
cotton,6.22
cowboys,6.22
decent,6.22
designs,6.22
downloading,6.22
environment,6.22
evolution,6.22
farm,6.22
finishing,6.22
fit,6.22
foundations,6.22
full,6.22
guys,6.22
instrument,6.22
join,6.22
karma,6.22
knight,6.22
lives,6.22
logic,6.22
milk,6.22
most,6.22
neon,6.22
night,6.22
package,6.22
participation,6.22
penny,6.22
pregnant,6.22
properly,6.22
quest,6.22
restoration,6.22
seventeen,6.22
social,6.22
styles,6.22
supports,6.22
tech,6.22
thai,6.22
thoughts,6.22
today,6.22
transformation,6.22
treaty,6.22
tribute,6.22
aesthetic,6.21
upside,6.21
behold,6.20
dough,6.20
sands,6.20
3-bedroom,6.20
actor,6.20
agreements,6.20
arise,6.20
assured,6.20
bubble,6.20
cereal,6.20
definitely,6.20
dime,6.20
engage,6.20
erected,6.20
estate,6.20
ethical,6.20
everybody,6.20
faces,6.20
feeds,6.20
haircut,6.20
halo,6.20
jacket,6.20
joining,6.20
kingdom,6.20
lifted,6.20
listened,6.20
meat,6.20
menu,6.20
nurse,6.20
opening,6.20
pension,6.20
phd,6.20
phones,6.20
plans,6.20
premier,6.20
proposals,6.20
protein,6.20
providence,6.20
recommendations,6.20
sexual,6.20
soda,6.20
spain,6.20
stable,6.20
succession,6.20
supporters,6.20
taco,6.20
think,6.20
trading,6.20
upward,6.20
yields,6.20
sailor,6.19
dynamics,6.19
lyrical,6.19
copper,6.18
realise,6.18
righteous,6.18
transformed,6.18
venus,6.18
80s,6.18
advocates,6.18
aha,6.18
ate,6.18
atlantic,6.18
awareness,6.18
balance,6.18
blonde,6.18
burger,6.18
buyer,6.18
certificate,6.18
chances,6.18
chief,6.18
clearly,6.18
cultural,6.18
draws,6.18
driving,6.18
duck,6.18
eagle,6.18
emotions,6.18
established,6.18
experiments,6.18
expression,6.18
fishing,6.18
fri,6.18
fully,6.18
informed,6.18
initiated,6.18
italy,6.18
king,6.18
land,6.18
lion,6.18
miami,6.18
midnight,6.18
mineral,6.18
nomination,6.18
oak,6.18
occasions,6.18
philosophical,6.18
playlist,6.18
profound,6.18
provided,6.18
resolution,6.18
riding,6.18
safety,6.18
scientist,6.18
she,6.18
sight,6.18
spice,6.18
steady,6.18
survey,6.18
swiss,6.18
t-shirt,6.18
tiger,6.18
tomorrow,6.18
tourist,6.18
tournament,6.18
trade,6.18
trains,6.18
tune,6.18
victor,6.18
walking,6.18
wireless,6.18
www,6.18
yea,6.18
beds,6.17
preference,6.17
applying,6.16
crop,6.16
enable,6.16
interactions,6.16
narrative,6.16
railway,6.16
afford,6.16
allowing,6.16
automobile,6.16
bands,6.16
boys,6.16
cds,6.16
christ,6.16
dictionary,6.16
downloads,6.16
eagles,6.16
engaged,6.16
especially,6.16
fiction,6.16
grocery,6.16
hotel,6.16
houses,6.16
hubby,6.16
included,6.16
lemon,6.16
mellow,6.16
minds,6.16
my,6.16
own,6.16
pacific,6.16
people,6.16
planning,6.16
polish,6.16
premium,6.16
providing,6.16
readers,6.16
rocked,6.16
sausage,6.16
south,6.16
transportation,6.16
turkey,6.16
wed,6.16
wheels,6.16
woods,6.16
yacht,6.16
livin,6.15
believing,6.14
chemistry,6.14
continuous,6.14
persons,6.14
seed,6.14
sheep,6.14
successive,6.14
adult,6.14
amsterdam,6.14
arises,6.14
arrived,6.14
asleep,6.14
aviation,6.14
basketball,6.14
browser,6.14
cathedral,6.14
cd,6.14
cheek,6.14
combination,6.14
conscious,6.14
cricket,6.14
debut,6.14
dividends,6.14
drinking,6.14
elizabeth,6.14
eye,6.14
generate,6.14
granted,6.14
guests,6.14
huge,6.14
jumping,6.14
kindle,6.14
launches,6.14
mend,6.14
models,6.14
mutual,6.14
offered,6.14
places,6.14
plan,6.14
principles,6.14
recovering,6.14
respectively,6.14
restore,6.14
ride,6.14
rock,6.14
shirts,6.14
sony,6.14
strategies,6.14
strongly,6.14
temple,6.14
thousands,6.14
tonight,6.14
trail,6.14
twin,6.14
up,6.14
updates,6.14
vagina,6.14
yahoo,6.14
receives,6.13
exclusively,6.12
writings,6.12
destiny,6.12
outcomes,6.12
quicker,6.12
boulevard,6.12
chapels,6.12
consideration,6.12
digital,6.12
dish,6.12
eat-in,6.12
ensure,6.12
event,6.12
everyone,6.12
face,6.12
focus,6.12
funds,6.12
garlic,6.12
investing,6.12
keyboard,6.12
knows,6.12
leaf,6.12
males,6.12
maps,6.12
masters,6.12
networking,6.12
nursing,6.12
patiently,6.12
proceeded,6.12
proceeding,6.12
profession,6.12
robot,6.12
snowing,6.12
studied,6.12
study,6.12
theme,6.12
toward,6.12
traditional,6.12
treasurer,6.12
university's,6.12
v-day,6.12
very,6.12
voted,6.12
wii,6.12
waving,6.11
extending,6.10
readily,6.10
mirrors,6.10
nearer,6.10
nurses,6.10
preserved,6.10
senses,6.10
aah,6.10
acknowledged,6.10
beers,6.10
bentley,6.10
brazil,6.10
cattle,6.10
challenging,6.10
check,6.10
chili,6.10
citizens,6.10
collection,6.10
comprehend,6.10
customers,6.10
elected,6.10
electricity,6.10
enters,6.10
essence,6.10
fab,6.10
forthcoming,6.10
forward,6.10
guide,6.10
herself,6.10
increasingly,6.10
info,6.10
investments,6.10
justification,6.10
karaoke,6.10
keeping,6.10
know,6.10
launched,6.10
life's,6.10
madame,6.10
markets,6.10
moments,6.10
nike,6.10
november,6.10
open,6.10
oscar,6.10
owner,6.10
practically,6.10
precise,6.10
release,6.10
romans,6.10
security,6.10
shade,6.10
shoulders,6.10
soap,6.10
springfield,6.10
start,6.10
telecommunications,6.10
tomorrow's,6.10
trinity,6.10
western,6.10
window,6.10
woof,6.10
yay,6.10
roam,6.09
dawning,6.08
choir,6.08
crops,6.08
elvis,6.08
significance,6.08
throne,6.08
velocity,6.08
acquainted,6.08
ahead,6.08
alright,6.08
audiences,6.08
ball,6.08
belief,6.08
bff,6.08
boat,6.08
boots,6.08
centuries,6.08
cheaper,6.08
clue,6.08
coat,6.08
consensus,6.08
contact,6.08
deserved,6.08
drive,6.08
facebook,6.08
freelance,6.08
greek,6.08
grown,6.08
help,6.08
housing,6.08
instant,6.08
integrated,6.08
introduction,6.08
legit,6.08
ma,6.08
message,6.08
negotiate,6.08
neighbor,6.08
neighborhoods,6.08
numerous,6.08
our,6.08
oven,6.08
picked,6.08
reached,6.08
recognize,6.08
recognized,6.08
rider,6.08
shows,6.08
significantly,6.08
specialist,6.08
suggestions,6.08
superior,6.08
tempo,6.08
tourists,6.08
ups,6.08
validity,6.08
vehicle,6.08
votes,6.08
theories,6.06
associations,6.06
attachment,6.06
fluid,6.06
shells,6.06
1970s,6.06
adults,6.06
advocacy,6.06
bella,6.06
brazilian,6.06
bueno,6.06
certain,6.06
certainly,6.06
combinations,6.06
composed,6.06
composition,6.06
couch,6.06
created,6.06
creek,6.06
dimes,6.06
distinct,6.06
equal,6.06
facts,6.06
flight,6.06
gaze,6.06
goodman,6.06
harbor,6.06
hey,6.06
historian,6.06
host,6.06
icon,6.06
influences,6.06
instruments,6.06
landmark,6.06
large,6.06
latest,6.06
leads,6.06
legs,6.06
liverpool,6.06
magazines,6.06
membership,6.06
muscle,6.06
nation,6.06
outlets,6.06
overseas,6.06
peanut,6.06
personal,6.06
photoshop,6.06
preparation,6.06
quantities,6.06
racing,6.06
reflection,6.06
representation,6.06
respective,6.06
see,6.06
servings,6.06
shoes,6.06
slim,6.06
sports,6.06
starring,6.06
straight,6.06
talk,6.06
towns,6.06
updated,6.06
wood,6.06
solving,6.04
bridges,6.04
climbing,6.04
geographical,6.04
skirt,6.04
1960s,6.04
academy,6.04
accompanying,6.04
acquired,6.04
acting,6.04
alumni,6.04
america's,6.04
approaches,6.04
bass,6.04
beginning,6.04
bringing,6.04
campus,6.04
casino,6.04
choices,6.04
contributed,6.04
exact,6.04
expand,6.04
express,6.04
fave,6.04
feliz,6.04
folks,6.04
fund,6.04
furniture,6.04
groove,6.04
hair,6.04
hint,6.04
installed,6.04
interactive,6.04
kitchen,6.04
melbourne,6.04
mind,6.04
numbers,6.04
perspective,6.04
points,6.04
prevention,6.04
professor,6.04
prospective,6.04
prospects,6.04
purple,6.04
purpose,6.04
replied,6.04
sauce,6.04
signing,6.04
sofa,6.04
supplies,6.04
tops,6.04
transport,6.04
union,6.04
visible,6.04
vocal,6.04
words,6.04
xp,6.04
carriage,6.02
beings,6.02
colored,6.02
considerations,6.02
nearest,6.02
porch,6.02
relate,6.02
seventeenth,6.02
vibe,6.02
1980's,6.02
acres,6.02
aircraft,6.02
amen,6.02
basket,6.02
blog,6.02
cards,6.02
celebrity,6.02
christians,6.02
concepts,6.02
content,6.02
creates,6.02
delivery,6.02
developing,6.02
doll,6.02
download,6.02
eggs,6.02
engineers,6.02
essential,6.02
fixed,6.02
float,6.02
fridge,6.02
fund-raising,6.02
inn,6.02
jam,6.02
japanese,6.02
male,6.02
monetary,6.02
native,6.02
newspapers,6.02
objectives,6.02
pregnancy,6.02
presence,6.02
production,6.02
programs,6.02
pub,6.02
quick,6.02
rare,6.02
records,6.02
retire,6.02
simple,6.02
sophisticated,6.02
teams,6.02
totally,6.02
try,6.02
unwind,6.02
voting,6.02
walk,6.02
will,6.02
windows,6.02
wondering,6.02
writes,6.02
xoxo,6.02
rains,6.01
1990's,6.00
act,6.00
adapted,6.00
alliance,6.00
allow,6.00
applicable,6.00
archives,6.00
attend,6.00
attending,6.00
automatic,6.00
automatically,6.00
avatar,6.00
beans,6.00
beliefs,6.00
bien,6.00
biggest,6.00
brew,6.00
brook,6.00
cambridge,6.00
concentrations,6.00
conscience,6.00
continent,6.00
crimson,6.00
eighteenth,6.00
exactly,6.00
extend,6.00
favor,6.00
finale,6.00
find,6.00
fireplace,6.00
fixing,6.00
glance,6.00
global,6.00
ha,6.00
hands,6.00
heating,6.00
indeed,6.00
integral,6.00
itunes,6.00
japan,6.00
jenny,6.00
king's,6.00
lawn,6.00
lighting,6.00
likewise,6.00
lmfao,6.00
make,6.00
meaning,6.00
mega,6.00
metals,6.00
mucho,6.00
nations,6.00
network,6.00
olive,6.00
opened,6.00
owns,6.00
participants,6.00
pilot,6.00
principle,6.00
religion,6.00
result,6.00
service,6.00
sights,6.00
sites,6.00
sponsor,6.00
started,6.00
stereo,6.00
stores,6.00
successor,6.00
survive,6.00
surviving,6.00
today's,6.00
tuned,6.00
virgin,6.00
vista,6.00
walked,6.00
ain't,4.00
alleged,4.00
arafat,4.00
bum,4.00
ceased,4.00
cracks,4.00
creeping,4.00
defensive,4.00
didn't,4.00
didnt,4.00
downs,4.00
force,4.00
least,4.00
limits,4.00
racial,4.00
ridiculous,4.00
rip,4.00
roughly,4.00
twit,4.00
zombies,4.00
accidentally,3.98
avoided,3.98
bite,3.98
breaking,3.98
demands,3.98
diagnosis,3.98
fled,3.98
hardly,3.98
humidity,3.98
isnt,3.98
old,3.98
punks,3.98
terminal,3.98
ruins,3.98
cracked,3.98
slam,3.98
argh,3.96
bang,3.96
bye,3.96
closing,3.96
dagger,3.96
expense,3.96
fists,3.96
iraqi,3.96
loose,3.96
minus,3.96
slugs,3.96
strike,3.96
tough,3.96
trial,3.96
unclear,3.96
killa,3.96
skull,3.96
charges,3.94
darker,3.94
erroneously,3.94
mess,3.94
pakistan,3.94
reluctant,3.94
slumdog,3.94
strapped,3.94
dizzy,3.94
executed,3.94
honky,3.94
homework,3.92
nixon,3.92
omitted,3.92
stained,3.92
ughh,3.92
jaded,3.92
dusty,3.92
absent,3.90
alarm,3.90
artificial,3.90
defendant,3.90
dim,3.90
doesnt,3.90
impose,3.90
iraq,3.90
issues,3.90
killas,3.90
misses,3.90
neediest,3.90
nothing,3.90
opponent,3.90
quit,3.90
slipping,3.90
stop,3.90
bald,3.90
begged,3.90
dropped,3.88
drunk,3.88
mortgage,3.88
nooo,3.88
shout,3.88
artillery,3.88
goddamn,3.88
rags,3.88
restless,3.88
uncertain,3.88
fiends,3.88
ass,3.86
farewell,3.86
fuckin,3.86
hang,3.86
not,3.86
sanctions,3.86
stopped,3.86
subjected,3.86
tremble,3.86
voodoo,3.86
wouldnt,3.86
slipped,3.86
mold,3.85
shiver,3.85
allegations,3.84
armed,3.84
ended,3.84
excuses,3.84
gripe,3.84
lawyer,3.84
messed,3.84
none,3.84
offline,3.84
pleaded,3.84
rent,3.84
shouldn't,3.84
snatch,3.84
ghosts,3.84
hatin,3.84
fragile,3.83
baddest,3.82
blood,3.82
creep,3.82
dark,3.82
darkness,3.82
eliminate,3.82
forgetting,3.82
gang,3.82
hanging,3.82
hardest,3.82
haven't,3.82
junk,3.82
loans,3.82
oppose,3.82
slip,3.82
sos,3.82
thirst,3.82
erased,3.82
vain,3.82
fades,3.81
aggressive,3.80
costs,3.80
critics,3.80
fire,3.80
fist,3.80
interment,3.80
ow,3.80
pale,3.80
protesters,3.80
witch,3.80
chronic,3.79
thirsty,3.79
thorns,3.79
sink,3.79
battles,3.78
bugs,3.78
court,3.78
ends,3.78
exams,3.78
predeceased,3.78
risks,3.78
rusty,3.78
slow,3.78
wouldn't,3.78
bothered,3.78
unnecessary,3.78
nothings,3.76
resigned,3.76
symptoms,3.76
yell,3.76
gutter,3.76
hangs,3.76
void,3.76
bailout,3.74
boo,3.74
critic's,3.74
denying,3.74
last,3.74
noise,3.74
obsession,3.74
reckless,3.74
shove,3.74
stomp,3.74
wait,3.74
sucka,3.74
pimp,3.73
stranded,3.73
tearing,3.73
strain,3.73
crack,3.72
fewer,3.72
gross,3.72
kick,3.72
oops,3.72
operation,3.72
removed,3.72
withdrawal,3.72
crowded,3.71
lacking,3.71
revenge,3.71
foolish,3.70
con,3.70
crooked,3.70
demanding,3.70
dirt,3.70
don't,3.70
dont,3.70
goodbye,3.70
locked,3.70
remove,3.70
sentenced,3.70
wasnt,3.70
won't,3.70
abnormal,3.69
hustler,3.69
controversy,3.68
disagree,3.68
fees,3.68
hitting,3.68
kicking,3.68
mean,3.68
missed,3.68
rival,3.68
sucker,3.68
waiting,3.68
wrath,3.68
plead,3.67
closed,3.66
deadline,3.66
down,3.66
low,3.66
messy,3.66
outdated,3.66
patients,3.66
pressure,3.66
snitch,3.66
sorry,3.66
stuck,3.66
anti,3.65
complications,3.65
disappear,3.65
snakes,3.65
lesions,3.65
bill,3.64
blocked,3.64
bore,3.64
cuts,3.64
darkest,3.64
delete,3.64
ghost,3.64
miss,3.64
nobody,3.64
nothin,3.64
shocked,3.64
swine,3.64
uncertainty,3.64
fooled,3.63
awkward,3.62
baghdad,3.62
begging,3.62
brat,3.62
doesn't,3.62
haunt,3.62
hussein,3.62
incompletely,3.62
limitations,3.62
risk,3.62
tore,3.62
bacteria,3.61
crude,3.60
dust,3.60
falls,3.60
flies,3.60
indicted,3.60
madness,3.60
mistaken,3.60
shattered,3.60
suspects,3.60
acid,3.59
pistol,3.59
decreased,3.58
absence,3.58
couldnt,3.58
excluded,3.58
gossip,3.58
leaving,3.58
punch,3.58
shotgun,3.58
sirens,3.58
restricted,3.57
darkened,3.57
slut,3.57
servants,3.56
afghanistan,3.56
confrontation,3.56
confusing,3.56
denial,3.56
empty,3.56
fucked,3.56
gloom,3.56
misidentified,3.56
mob,3.56
offense,3.56
piss,3.56
protest,3.56
runaway,3.56
shut,3.56
sorely,3.56
dire,3.55
stains,3.55
taxation,3.55
flee,3.54
haunted,3.54
bug,3.54
caught,3.54
chained,3.54
crushed,3.54
despise,3.54
dispute,3.54
expensive,3.54
forsaken,3.54
hospitals,3.54
owe,3.54
poor's,3.54
rough,3.54
shock,3.54
slug,3.54
without,3.54
drunken,3.53
missin,3.53
separation,3.53
spite,3.53
addicted,3.52
apart,3.52
fallen,3.52
suspected,3.52
suspicion,3.52
teardrops,3.52
tomb,3.52
ugh,3.52
warned,3.52
untrue,3.51
casket,3.50
dope,3.50
foe,3.50
hospital,3.50
paranoid,3.50
snake,3.50
struck,3.50
deficiency,3.49
pressures,3.49
cant,3.48
inmates,3.48
no,3.48
opponents,3.48
opposition,3.48
sucked,3.48
tobacco,3.48
unlikely,3.48
zombie,3.48
screams,3.48
sinking,3.48
swollen,3.48
deceive,3.47
monsters,3.47
urine,3.47
chaos,3.46
creepy,3.46
fee,3.46
insanity,3.46
isolated,3.46
late,3.46
misspelled,3.46
misstated,3.46
misunderstood,3.46
monster,3.46
refuse,3.46
shoot,3.46
sting,3.46
thorn,3.46
wreck,3.46
fright,3.45
radiation,3.45
stab,3.45
confined,3.44
delays,3.44
deny,3.44
fault,3.44
forgot,3.44
ghetto,3.44
litigation,3.44
poop,3.44
seized,3.44
zero,3.44
cage,3.44
disappeared,3.44
trap,3.44
diss,3.43
foes,3.43
smashed,3.42
anxious,3.42
can't,3.42
cut,3.42
erroneous,3.42
gangsta,3.42
gone,3.42
ignorant,3.42
invasion,3.42
lame,3.42
obsessed,3.42
raging,3.42
shatter,3.42
shouting,3.42
troubles,3.42
disturbed,3.41
zit,3.41
against,3.40
condolences,3.40
muthafucka,3.40
separated,3.40
struggle,3.40
whores,3.40
deception,3.39
stain,3.39
unconscious,3.39
delay,3.38
difficulty,3.38
discontinued,3.38
eliminated,3.38
haunting,3.38
hungry,3.38
refused,3.38
wicked,3.38
blinded,3.37
hunger,3.37
torn,3.37
phony,3.36
argued,3.36
beast,3.36
bullet,3.36
busted,3.36
critic,3.36
dammit,3.36
deleted,3.36
dentist,3.36
forbidden,3.36
killin,3.36
syndrome,3.36
tornado,3.36
weapon,3.36
emptiness,3.35
injection,3.35
burnt,3.34
complicated,3.34
crap,3.34
never,3.34
politicians,3.34
tired,3.34
traffic,3.34
unfair,3.34
vulnerable,3.34
warning,3.34
fucker,3.33
sinner,3.33
envy,3.33
whack,3.32
alone,3.32
bleeds,3.32
cannot,3.32
confusion,3.32
couldn't,3.32
expenses,3.32
ignored,3.32
noose,3.32
opposed,3.32
restrictions,3.32
scars,3.32
shots,3.32
savage,3.31
choke,3.31
cigarettes,3.31
doubts,3.30
fool,3.30
fury,3.30
lowest,3.30
suckers,3.30
whip,3.30
helpless,3.29
rats,3.29
conspiracy,3.28
crashing,3.28
falling,3.28
fools,3.28
lazy,3.28
nuclear,3.28
scar,3.28
suspicious,3.28
scarred,3.27
screamed,3.27
cough,3.26
damned,3.26
frown,3.24
pimps,3.24
vengeance,3.24
canceled,3.24
cavity,3.24
delayed,3.24
dull,3.24
fat,3.24
jerk,3.24
missile,3.24
remorse,3.24
rot,3.24
screwed,3.24
gangstas,3.23
captured,3.22
critical,3.22
fell,3.22
forget,3.22
freezing,3.22
ignore,3.22
losers,3.22
lynch,3.22
wasting,3.22
defect,3.21
frightened,3.20
combat,3.20
convicted,3.20
defeat,3.20
dirty,3.20
dread,3.20
drug,3.20
inferior,3.20
screamin,3.20
cryin,3.19
liar,3.18
aching,3.18
difficult,3.18
faggot,3.18
false,3.18
forgotten,3.18
garbage,3.18
kicked,3.18
scandal,3.18
sinners,3.18
suspension,3.18
woe,3.18
accusations,3.16
complain,3.16
declined,3.16
disorders,3.16
doubt,3.16
forced,3.16
lack,3.16
severe,3.16
smoke,3.16
yuck,3.16
feared,3.14
gangster,3.14
argument,3.14
avoid,3.14
bitch,3.14
bruise,3.14
dismissed,3.14
disorder,3.14
exhausted,3.14
incorrectly,3.14
isolation,3.14
scream,3.14
slapped,3.14
spit,3.14
suck,3.14
sucks,3.14
suspect,3.14
whore,3.14
wrong,3.14
cursed,3.12
doom,3.12
desperate,3.12
lonesome,3.12
regret,3.12
rob,3.12
defects,3.10
ambulance,3.10
annoy,3.10
conflict,3.10
criticism,3.10
execution,3.10
fought,3.10
indictment,3.10
pity,3.10
smoking,3.10
stink,3.10
tear,3.10
unable,3.10
cigarette,3.09
beg,3.08
prejudice,3.08
bullshit,3.08
decay,3.08
decline,3.08
deficit,3.08
difficulties,3.08
graves,3.08
regrets,3.08
suspended,3.08
trapped,3.08
yelling,3.08
aging,3.06
arguing,3.06
bullets,3.06
dumb,3.06
emergency,3.06
greed,3.06
idiot,3.06
idiots,3.06
inadequate,3.06
refugees,3.06
turmoil,3.06
rotting,3.04
greedy,3.04
havoc,3.04
arguments,3.04
bled,3.04
bored,3.04
complaints,3.04
horror,3.04
insane,3.04
jealousy,3.04
lawsuits,3.04
rat,3.04
resignation,3.04
scare,3.04
anxiety,3.03
fiend,3.02
hostile,3.02
weeping,3.02
broken,3.02
criticized,3.02
offensive,3.02
trembling,3.02
argue,3.00
argues,3.00
bitter,3.00
condemned,3.00
fights,3.00
muthafuckin,3.00
vicious,3.00
battle,2.98
confused,2.98
crappy,2.98
damn,2.98
guns,2.98
ignorance,2.98
missing,2.98
problem,2.98
worthless,2.98
insecure,2.98
coffin,2.96
conflicts,2.96
damages,2.96
lawsuit,2.96
screaming,2.96
wound,2.96
bloody,2.94
cemetery,2.94
choking,2.94
explosion,2.94
foul,2.94
nervous,2.94
sore,2.94
tension,2.94
thief,2.94
thug,2.94
unfortunate,2.94
weakness,2.94
breakdown,2.94
bury,2.93
accused,2.92
awful,2.92
burn,2.92
cries,2.92
hangover,2.92
mistakes,2.92
problems,2.92
riot,2.92
sleepless,2.92
demon,2.92
boring,2.90
bruised,2.90
burned,2.90
collapse,2.90
complained,2.90
debt,2.90
fake,2.90
frustrated,2.90
impossible,2.90
ouch,2.90
deadly,2.90
disrespect,2.90
drown,2.90
badly,2.88
banned,2.88
burning,2.88
cancelled,2.88
dislike,2.88
threats,2.88
sins,2.88
bombs,2.86
complaint,2.86
errors,2.86
illegal,2.86
lonely,2.86
mourns,2.86
prisoner,2.86
stress,2.86
tax,2.86
violations,2.86
widow,2.86
addict,2.84
buried,2.84
devils,2.84
dump,2.84
hater,2.84
incorrect,2.84
infection,2.84
neglected,2.84
penalty,2.84
terrible,2.84
unkind,2.84
weak,2.84
annoying,2.82
bills,2.82
blame,2.82
burden,2.82
complaining,2.82
danger,2.82
demise,2.82
despair,2.82
disabled,2.82
discrimination,2.82
filthy,2.82
gun,2.82
lied,2.82
missiles,2.82
mourners,2.82
obituary,2.82
prosecution,2.82
worry,2.82
mafia,2.81
wounds,2.80
burns,2.78
cowards,2.78
fever,2.78
mistake,2.78
trouble,2.78
troubled,2.78
wasted,2.78
bitches,2.76
bleeding,2.76
fighting,2.76
lose,2.76
lost,2.76
pathetic,2.76
unfortunately,2.76
neglect,2.76
defeated,2.74
loses,2.74
stressed,2.74
ugly,2.74
violation,2.74
unholy,2.73
addiction,2.72
arrests,2.72
disgrace,2.72
heartbreaker,2.72
mourn,2.72
struggling,2.72
desperation,2.70
distress,2.70
fight,2.70
spam,2.70
taxes,2.70
waste,2.70
worse,2.70
sorrows,2.69
bleed,2.69
ache,2.68
bastards,2.68
fears,2.68
injuries,2.68
jealous,2.68
misery,2.68
ruin,2.68
shame,2.68
stupid,2.68
trash,2.68
deaf,2.67
afraid,2.66
ban,2.66
drugs,2.66
loneliness,2.66
penalties,2.66
surgery,2.66
tensions,2.66
bad,2.64
curse,2.64
demons,2.64
enemy,2.64
guilty,2.64
inflation,2.64
motherfucking,2.64
sin,2.64
heartaches,2.63
#fail,2.62
beaten,2.62
lies,2.62
losing,2.62
nasty,2.62
retarded,2.62
rude,2.62
threatened,2.62
violated,2.62
thugs,2.61
abortion,2.60
brutal,2.60
crash,2.60
error,2.60
lie,2.60
mad,2.60
selfish,2.60
stole,2.60
worries,2.60
ashamed,2.59
infections,2.59
annoyed,2.58
blind,2.58
cheated,2.58
damage,2.58
disgusting,2.58
guilt,2.58
lying,2.58
motherfuckin,2.58
rotten,2.58
scared,2.58
scary,2.58
shitty,2.58
starving,2.58
stroke,2.58
betrayed,2.57
nightmares,2.56
assault,2.56
beating,2.56
grave,2.56
hopeless,2.56
loss,2.56
rage,2.56
satan,2.56
upset,2.56
corpse,2.55
abandoned,2.54
broke,2.54
cocaine,2.54
denied,2.54
harm,2.54
hurricane,2.54
miserable,2.54
pissed,2.54
ruined,2.54
tumor,2.53
attacked,2.52
bastard,2.52
destroy,2.52
failing,2.52
shooting,2.52
useless,2.52
motherfuckers,2.51
betray,2.50
psycho,2.50
shit,2.50
shot,2.50
stolen,2.50
crisis,2.48
damaged,2.48
haters,2.48
recession,2.48
saddam,2.48
slap,2.48
attacks,2.46
crashed,2.46
losses,2.46
panic,2.46
steal,2.46
stealing,2.46
tears,2.46
burial,2.44
cheat,2.44
dangerous,2.44
drowning,2.44
enemies,2.44
hating,2.44
prisoners,2.44
saddened,2.44
arrest,2.42
attack,2.42
flood,2.42
ill,2.42
killer,2.42
negative,2.42
worried,2.42
wounded,2.42
slaughter,2.41
asshole,2.40
flu,2.40
weapons,2.40
graveside,2.38
sad,2.38
victim,2.38
hurting,2.36
threat,2.36
frustration,2.34
hate,2.34
tragic,2.34
grief,2.33
accident,2.32
angry,2.32
fear,2.32
nightmare,2.32
poor,2.32
victims,2.32
anger,2.30
fired,2.30
fraud,2.30
theft,2.30
thieves,2.29
heartache,2.28
sadly,2.28
cheating,2.26
destruction,2.26
disappointed,2.26
bombing,2.24
devil,2.24
horrible,2.24
suffered,2.24
hatred,2.22
weep,2.22
hell,2.22
holocaust,2.22
injured,2.22
suffering,2.22
cried,2.20
crime,2.20
loser,2.20
depressed,2.18
divorce,2.18
hurt,2.18
robbed,2.18
tsunami,2.18
agony,2.16
drowned,2.16
homeless,2.16
pollution,2.16
corruption,2.14
crimes,2.14
hated,2.14
hurts,2.14
painful,2.12
sorrow,2.12
unemployment,2.12
unhappy,2.12
heartbreak,2.11
dying,2.10
funeral,2.10
pain,2.10
worst,2.10
dies,2.08
racist,2.08
rejected,2.08
robbery,2.08
suffer,2.08
virus,2.08
bankruptcy,2.06
fails,2.06
failure,2.06
hates,2.06
prison,2.06
slave,2.06
slaves,2.06
tragedy,2.06
violent,2.06
crying,2.04
destroyed,2.04
injury,2.04
rejection,2.02
motherfucker,2.02
sick,2.02
slavery,2.02
dead,2.00
disease,2.00
illness,2.00
killers,2.00
punishment,2.00
criminal,1.98
depression,1.98
headache,1.98
poverty,1.98
tumors,1.98
bomb,1.96
disaster,1.96
fail,1.96
poison,1.94
depressing,1.90
earthquake,1.90
evil,1.90
wars,1.90
abuse,1.88
diseases,1.88
sadness,1.88
violence,1.86
cruel,1.84
cry,1.84
failed,1.84
sickness,1.84
abused,1.83
tortured,1.82
fatal,1.80
killings,1.80
murdered,1.80
war,1.80
kills,1.78
jail,1.76
terror,1.76
die,1.74
killing,1.70
arrested,1.64
deaths,1.64
raped,1.64
torture,1.58
died,1.56
kill,1.56
killed,1.56
cancer,1.54
death,1.54
murder,1.48
terrorism,1.48
rape,1.44
suicide,1.30
terrorist,1.30
